
INSERT INTO `theatre` (`Id`, `name`, `Location`) VALUES (1, 'dolores', '328 Andres Walk\nCordietown, UT 55804');
INSERT INTO `theatre` (`Id`, `name`, `Location`) VALUES (2, 'delectus', '032 Blanda Forges Suite 782\nLake Ledaton, GA 88630');
INSERT INTO `theatre` (`Id`, `name`, `Location`) VALUES (3, 'eaque', '54565 Gleichner Corner\nNorth Mathew, OH 73199');
INSERT INTO `theatre` (`Id`, `name`, `Location`) VALUES (4, 'ea', '644 Laurianne Flats Apt. 045\nPort Eveberg, OK 42391-2790');
INSERT INTO `theatre` (`Id`, `name`, `Location`) VALUES (5, 'distinctio', '1455 Olson Stream Suite 958\nWeissnatburgh, OR 45124');
INSERT INTO `theatre` (`Id`, `name`, `Location`) VALUES (6, 'earum', '614 Emile Street\nPort Emmy, AR 25796-4172');
INSERT INTO `theatre` (`Id`, `name`, `Location`) VALUES (7, 'similique', '9448 Adrianna Fort\nRowenatown, CT 74511-0666');
INSERT INTO `theatre` (`Id`, `name`, `Location`) VALUES (8, 'officiis', '6641 Corine Crest\nNew Angela, MD 68450');
INSERT INTO `theatre` (`Id`, `name`, `Location`) VALUES (9, 'aliquam', '17432 Sierra Manors Apt. 602\nNew Aubreyberg, AZ 21509-4822');
INSERT INTO `theatre` (`Id`, `name`, `Location`) VALUES (10, 'dolor', '73301 Alfreda Land Apt. 889\nNorth Rigoberto, TN 04082-5944');

INSERT INTO `movie` (`Id`, `movieName`, `movieDescription`) VALUES (1, 'sit', 'Et adipisci rerum dicta quibusdam consequuntur enim.');
INSERT INTO `movie` (`Id`, `movieName`, `movieDescription`) VALUES (2, 'commodi', 'Nostrum sed voluptates dolor dolor.');
INSERT INTO `movie` (`Id`, `movieName`, `movieDescription`) VALUES (3, 'tempore', 'At velit eaque illo fuga.');
INSERT INTO `movie` (`Id`, `movieName`, `movieDescription`) VALUES (4, 'consequuntur', 'Sed ut ut dolorem aspernatur exercitationem eaque neque.');
INSERT INTO `movie` (`Id`, `movieName`, `movieDescription`) VALUES (5, 'cumque', 'Voluptate ex aut quae occaecati quae dolorem.');
INSERT INTO `movie` (`Id`, `movieName`, `movieDescription`) VALUES (6, 'sint', 'Dolore aliquam aspernatur nostrum autem repudiandae autem.');
INSERT INTO `movie` (`Id`, `movieName`, `movieDescription`) VALUES (7, 'qui', 'Sed voluptatem facere omnis doloribus dolorum expedita.');
INSERT INTO `movie` (`Id`, `movieName`, `movieDescription`) VALUES (8, 'quas', 'Tempore omnis laboriosam soluta et facere.');
INSERT INTO `movie` (`Id`, `movieName`, `movieDescription`) VALUES (9, 'earum', 'Possimus tempora magnam et voluptatibus.');
INSERT INTO `movie` (`Id`, `movieName`, `movieDescription`) VALUES (10, 'et', 'Quidem voluptatem architecto illum veniam.');

INSERT INTO `cinema` (`Id`, `name`, `seatCount`, `theatre`) VALUES (601, 'rerum', 25, 1);
INSERT INTO `cinema` (`Id`, `name`, `seatCount`, `theatre`) VALUES (602, 'veritatis', 25, 1);
INSERT INTO `cinema` (`Id`, `name`, `seatCount`, `theatre`) VALUES (603, 'saepe', 25, 1);
INSERT INTO `cinema` (`Id`, `name`, `seatCount`, `theatre`) VALUES (604, 'magni', 25, 1);
INSERT INTO `cinema` (`Id`, `name`, `seatCount`, `theatre`) VALUES (605, 'quaerat', 25, 1);
INSERT INTO `cinema` (`Id`, `name`, `seatCount`, `theatre`) VALUES (606, 'tenetur', 25, 1);
INSERT INTO `cinema` (`Id`, `name`, `seatCount`, `theatre`) VALUES (607, 'laborum', 25, 1);
INSERT INTO `cinema` (`Id`, `name`, `seatCount`, `theatre`) VALUES (608, 'nobis', 25, 1);
INSERT INTO `cinema` (`Id`, `name`, `seatCount`, `theatre`) VALUES (609, 'quam', 25, 1);
INSERT INTO `cinema` (`Id`, `name`, `seatCount`, `theatre`) VALUES (610, 'molestiae', 25, 1);
INSERT INTO `cinema` (`Id`, `name`, `seatCount`, `theatre`) VALUES (611, 'sint', 25, 2);
INSERT INTO `cinema` (`Id`, `name`, `seatCount`, `theatre`) VALUES (612, 'dignissimos', 25, 2);
INSERT INTO `cinema` (`Id`, `name`, `seatCount`, `theatre`) VALUES (613, 'velit', 25, 2);
INSERT INTO `cinema` (`Id`, `name`, `seatCount`, `theatre`) VALUES (614, 'nam', 25, 2);
INSERT INTO `cinema` (`Id`, `name`, `seatCount`, `theatre`) VALUES (615, 'porro', 25, 2);
INSERT INTO `cinema` (`Id`, `name`, `seatCount`, `theatre`) VALUES (616, 'et', 25, 2);
INSERT INTO `cinema` (`Id`, `name`, `seatCount`, `theatre`) VALUES (617, 'quos', 25, 2);
INSERT INTO `cinema` (`Id`, `name`, `seatCount`, `theatre`) VALUES (618, 'velit', 25, 2);
INSERT INTO `cinema` (`Id`, `name`, `seatCount`, `theatre`) VALUES (619, 'voluptates', 25, 2);
INSERT INTO `cinema` (`Id`, `name`, `seatCount`, `theatre`) VALUES (620, 'tenetur', 25, 2);
INSERT INTO `cinema` (`Id`, `name`, `seatCount`, `theatre`) VALUES (621, 'consequatur', 25, 3);
INSERT INTO `cinema` (`Id`, `name`, `seatCount`, `theatre`) VALUES (622, 'nihil', 25, 3);
INSERT INTO `cinema` (`Id`, `name`, `seatCount`, `theatre`) VALUES (623, 'adipisci', 25, 3);
INSERT INTO `cinema` (`Id`, `name`, `seatCount`, `theatre`) VALUES (624, 'voluptatem', 25, 3);
INSERT INTO `cinema` (`Id`, `name`, `seatCount`, `theatre`) VALUES (625, 'sed', 25, 3);
INSERT INTO `cinema` (`Id`, `name`, `seatCount`, `theatre`) VALUES (626, 'sint', 25, 3);
INSERT INTO `cinema` (`Id`, `name`, `seatCount`, `theatre`) VALUES (627, 'consectetur', 25, 3);
INSERT INTO `cinema` (`Id`, `name`, `seatCount`, `theatre`) VALUES (628, 'dolor', 25, 3);
INSERT INTO `cinema` (`Id`, `name`, `seatCount`, `theatre`) VALUES (629, 'ea', 25, 3);
INSERT INTO `cinema` (`Id`, `name`, `seatCount`, `theatre`) VALUES (630, 'rerum', 25, 3);
INSERT INTO `cinema` (`Id`, `name`, `seatCount`, `theatre`) VALUES (631, 'necessitatibus', 25, 4);
INSERT INTO `cinema` (`Id`, `name`, `seatCount`, `theatre`) VALUES (632, 'magnam', 25, 4);
INSERT INTO `cinema` (`Id`, `name`, `seatCount`, `theatre`) VALUES (633, 'assumenda', 25, 4);
INSERT INTO `cinema` (`Id`, `name`, `seatCount`, `theatre`) VALUES (634, 'qui', 25, 4);
INSERT INTO `cinema` (`Id`, `name`, `seatCount`, `theatre`) VALUES (635, 'eos', 25, 4);
INSERT INTO `cinema` (`Id`, `name`, `seatCount`, `theatre`) VALUES (636, 'harum', 25, 4);
INSERT INTO `cinema` (`Id`, `name`, `seatCount`, `theatre`) VALUES (637, 'sint', 25, 4);
INSERT INTO `cinema` (`Id`, `name`, `seatCount`, `theatre`) VALUES (638, 'rerum', 25, 4);
INSERT INTO `cinema` (`Id`, `name`, `seatCount`, `theatre`) VALUES (639, 'quos', 25, 4);
INSERT INTO `cinema` (`Id`, `name`, `seatCount`, `theatre`) VALUES (640, 'vel', 25, 4);
INSERT INTO `cinema` (`Id`, `name`, `seatCount`, `theatre`) VALUES (641, 'voluptas', 25, 5);
INSERT INTO `cinema` (`Id`, `name`, `seatCount`, `theatre`) VALUES (642, 'est', 25, 5);
INSERT INTO `cinema` (`Id`, `name`, `seatCount`, `theatre`) VALUES (643, 'voluptates', 25, 5);
INSERT INTO `cinema` (`Id`, `name`, `seatCount`, `theatre`) VALUES (644, 'quis', 25, 5);
INSERT INTO `cinema` (`Id`, `name`, `seatCount`, `theatre`) VALUES (645, 'voluptatem', 25, 5);
INSERT INTO `cinema` (`Id`, `name`, `seatCount`, `theatre`) VALUES (646, 'sed', 25, 5);
INSERT INTO `cinema` (`Id`, `name`, `seatCount`, `theatre`) VALUES (647, 'et', 25, 5);
INSERT INTO `cinema` (`Id`, `name`, `seatCount`, `theatre`) VALUES (648, 'facere', 25, 5);
INSERT INTO `cinema` (`Id`, `name`, `seatCount`, `theatre`) VALUES (649, 'eius', 25, 5);
INSERT INTO `cinema` (`Id`, `name`, `seatCount`, `theatre`) VALUES (650, 'voluptatem', 25, 5);
INSERT INTO `cinema` (`Id`, `name`, `seatCount`, `theatre`) VALUES (651, 'iusto', 25, 6);
INSERT INTO `cinema` (`Id`, `name`, `seatCount`, `theatre`) VALUES (652, 'nam', 25, 6);
INSERT INTO `cinema` (`Id`, `name`, `seatCount`, `theatre`) VALUES (653, 'vel', 25, 6);
INSERT INTO `cinema` (`Id`, `name`, `seatCount`, `theatre`) VALUES (654, 'ipsum', 25, 6);
INSERT INTO `cinema` (`Id`, `name`, `seatCount`, `theatre`) VALUES (655, 'blanditiis', 25, 6);
INSERT INTO `cinema` (`Id`, `name`, `seatCount`, `theatre`) VALUES (656, 'quia', 25, 6);
INSERT INTO `cinema` (`Id`, `name`, `seatCount`, `theatre`) VALUES (657, 'et', 25, 6);
INSERT INTO `cinema` (`Id`, `name`, `seatCount`, `theatre`) VALUES (658, 'voluptatibus', 25, 6);
INSERT INTO `cinema` (`Id`, `name`, `seatCount`, `theatre`) VALUES (659, 'nam', 25, 6);
INSERT INTO `cinema` (`Id`, `name`, `seatCount`, `theatre`) VALUES (660, 'quia', 25, 6);
INSERT INTO `cinema` (`Id`, `name`, `seatCount`, `theatre`) VALUES (661, 'quis', 25, 7);
INSERT INTO `cinema` (`Id`, `name`, `seatCount`, `theatre`) VALUES (662, 'non', 25, 7);
INSERT INTO `cinema` (`Id`, `name`, `seatCount`, `theatre`) VALUES (663, 'aliquid', 25, 7);
INSERT INTO `cinema` (`Id`, `name`, `seatCount`, `theatre`) VALUES (664, 'et', 25, 7);
INSERT INTO `cinema` (`Id`, `name`, `seatCount`, `theatre`) VALUES (665, 'non', 25, 7);
INSERT INTO `cinema` (`Id`, `name`, `seatCount`, `theatre`) VALUES (666, 'modi', 25, 7);
INSERT INTO `cinema` (`Id`, `name`, `seatCount`, `theatre`) VALUES (667, 'assumenda', 25, 7);
INSERT INTO `cinema` (`Id`, `name`, `seatCount`, `theatre`) VALUES (668, 'libero', 25, 7);
INSERT INTO `cinema` (`Id`, `name`, `seatCount`, `theatre`) VALUES (669, 'dolore', 25, 7);
INSERT INTO `cinema` (`Id`, `name`, `seatCount`, `theatre`) VALUES (670, 'culpa', 25, 7);
INSERT INTO `cinema` (`Id`, `name`, `seatCount`, `theatre`) VALUES (671, 'veniam', 25, 8);
INSERT INTO `cinema` (`Id`, `name`, `seatCount`, `theatre`) VALUES (672, 'ad', 25, 8);
INSERT INTO `cinema` (`Id`, `name`, `seatCount`, `theatre`) VALUES (673, 'debitis', 25, 8);
INSERT INTO `cinema` (`Id`, `name`, `seatCount`, `theatre`) VALUES (674, 'et', 25, 8);
INSERT INTO `cinema` (`Id`, `name`, `seatCount`, `theatre`) VALUES (675, 'voluptatem', 25, 8);
INSERT INTO `cinema` (`Id`, `name`, `seatCount`, `theatre`) VALUES (676, 'aut', 25, 8);
INSERT INTO `cinema` (`Id`, `name`, `seatCount`, `theatre`) VALUES (677, 'voluptate', 25, 8);
INSERT INTO `cinema` (`Id`, `name`, `seatCount`, `theatre`) VALUES (678, 'quia', 25, 8);
INSERT INTO `cinema` (`Id`, `name`, `seatCount`, `theatre`) VALUES (679, 'nulla', 25, 8);
INSERT INTO `cinema` (`Id`, `name`, `seatCount`, `theatre`) VALUES (680, 'architecto', 25, 8);
INSERT INTO `cinema` (`Id`, `name`, `seatCount`, `theatre`) VALUES (681, 'ipsum', 25, 9);
INSERT INTO `cinema` (`Id`, `name`, `seatCount`, `theatre`) VALUES (682, 'ad', 25, 9);
INSERT INTO `cinema` (`Id`, `name`, `seatCount`, `theatre`) VALUES (683, 'ut', 25, 9);
INSERT INTO `cinema` (`Id`, `name`, `seatCount`, `theatre`) VALUES (684, 'officiis', 25, 9);
INSERT INTO `cinema` (`Id`, `name`, `seatCount`, `theatre`) VALUES (685, 'doloremque', 25, 9);
INSERT INTO `cinema` (`Id`, `name`, `seatCount`, `theatre`) VALUES (686, 'eius', 25, 9);
INSERT INTO `cinema` (`Id`, `name`, `seatCount`, `theatre`) VALUES (687, 'aut', 25, 9);
INSERT INTO `cinema` (`Id`, `name`, `seatCount`, `theatre`) VALUES (688, 'sapiente', 25, 9);
INSERT INTO `cinema` (`Id`, `name`, `seatCount`, `theatre`) VALUES (689, 'mollitia', 25, 9);
INSERT INTO `cinema` (`Id`, `name`, `seatCount`, `theatre`) VALUES (690, 'distinctio', 25, 9);
INSERT INTO `cinema` (`Id`, `name`, `seatCount`, `theatre`) VALUES (691, 'quam', 25, 10);
INSERT INTO `cinema` (`Id`, `name`, `seatCount`, `theatre`) VALUES (692, 'consequatur', 25, 10);
INSERT INTO `cinema` (`Id`, `name`, `seatCount`, `theatre`) VALUES (693, 'nisi', 25, 10);
INSERT INTO `cinema` (`Id`, `name`, `seatCount`, `theatre`) VALUES (694, 'occaecati', 25, 10);
INSERT INTO `cinema` (`Id`, `name`, `seatCount`, `theatre`) VALUES (695, 'sit', 25, 10);
INSERT INTO `cinema` (`Id`, `name`, `seatCount`, `theatre`) VALUES (696, 'et', 25, 10);
INSERT INTO `cinema` (`Id`, `name`, `seatCount`, `theatre`) VALUES (697, 'et', 25, 10);
INSERT INTO `cinema` (`Id`, `name`, `seatCount`, `theatre`) VALUES (698, 'dolor', 25, 10);
INSERT INTO `cinema` (`Id`, `name`, `seatCount`, `theatre`) VALUES (699, 'modi', 25, 10);
INSERT INTO `cinema` (`Id`, `name`, `seatCount`, `theatre`) VALUES (700, 'veritatis', 25, 10);


INSERT INTO `screening` (`Id`, `movie`, `time`, `cinema`) VALUES (1, 1, '2019-08-01 12:00:00', 601);
INSERT INTO `screening` (`Id`, `movie`, `time`, `cinema`) VALUES (2, 1, '2019-08-01 16:00:00', 601);
INSERT INTO `screening` (`Id`, `movie`, `time`, `cinema`) VALUES (3, 1, '2019-08-01 20:00:00', 601);
INSERT INTO `screening` (`Id`, `movie`, `time`, `cinema`) VALUES (4, 1, '2019-08-02 12:00:00', 601);
INSERT INTO `screening` (`Id`, `movie`, `time`, `cinema`) VALUES (5, 1, '2019-08-02 16:00:00', 601);
INSERT INTO `screening` (`Id`, `movie`, `time`, `cinema`) VALUES (6, 1, '2019-08-02 20:00:00', 601);
INSERT INTO `screening` (`Id`, `movie`, `time`, `cinema`) VALUES (7 1, '2019-08-03 12:00:00', 601);
INSERT INTO `screening` (`Id`, `movie`, `time`, `cinema`) VALUES (8, 1, '2019-08-03 16:00:00', 601);
INSERT INTO `screening` (`Id`, `movie`, `time`, `cinema`) VALUES (9, 1, '2019-08-03 20:00:00', 601);
INSERT INTO `screening` (`Id`, `movie`, `time`, `cinema`) VALUES (10, 1, '2019-08-04 12:00:00', 601);
INSERT INTO `screening` (`Id`, `movie`, `time`, `cinema`) VALUES (11, 1, '2019-08-04 16:00:00', 601);
INSERT INTO `screening` (`Id`, `movie`, `time`, `cinema`) VALUES (12, 1, '2019-08-04 20:00:00', 601);
INSERT INTO `screening` (`Id`, `movie`, `time`, `cinema`) VALUES (13, 1, '2019-08-05 12:00:00', 601);
INSERT INTO `screening` (`Id`, `movie`, `time`, `cinema`) VALUES (14, 1, '2019-08-05 16:00:00', 601);
INSERT INTO `screening` (`Id`, `movie`, `time`, `cinema`) VALUES (15, 1, '2019-08-05 20:00:00', 601);
INSERT INTO `screening` (`Id`, `movie`, `time`, `cinema`) VALUES (1, 2, '2019-08-01 12:00:00', 602);
INSERT INTO `screening` (`Id`, `movie`, `time`, `cinema`) VALUES (2, 2, '2019-08-01 16:00:00', 602);
INSERT INTO `screening` (`Id`, `movie`, `time`, `cinema`) VALUES (3, 2, '2019-08-01 20:00:00', 602);
INSERT INTO `screening` (`Id`, `movie`, `time`, `cinema`) VALUES (4, 2, '2019-08-02 12:00:00', 602);
INSERT INTO `screening` (`Id`, `movie`, `time`, `cinema`) VALUES (5, 2, '2019-08-02 16:00:00', 602);
INSERT INTO `screening` (`Id`, `movie`, `time`, `cinema`) VALUES (6, 2, '2019-08-02 20:00:00', 602);
INSERT INTO `screening` (`Id`, `movie`, `time`, `cinema`) VALUES (7, 2, '2019-08-03 12:00:00', 602);
INSERT INTO `screening` (`Id`, `movie`, `time`, `cinema`) VALUES (8, 2, '2019-08-03 16:00:00', 602);
INSERT INTO `screening` (`Id`, `movie`, `time`, `cinema`) VALUES (9, 2, '2019-08-03 20:00:00', 602);
INSERT INTO `screening` (`Id`, `movie`, `time`, `cinema`) VALUES (10, 2, '2019-08-04 12:00:00', 602);
INSERT INTO `screening` (`Id`, `movie`, `time`, `cinema`) VALUES (11, 2, '2019-08-04 16:00:00', 602);
INSERT INTO `screening` (`Id`, `movie`, `time`, `cinema`) VALUES (12, 2, '2019-08-04 20:00:00', 602);
INSERT INTO `screening` (`Id`, `movie`, `time`, `cinema`) VALUES (13, 2, '2019-08-05 12:00:00', 602);
INSERT INTO `screening` (`Id`, `movie`, `time`, `cinema`) VALUES (14, 2, '2019-08-05 16:00:00', 602);
INSERT INTO `screening` (`Id`, `movie`, `time`, `cinema`) VALUES (15, 2, '2019-08-05 20:00:00', 602);
INSERT INTO `screening` (`Id`, `movie`, `time`, `cinema`) VALUES (1, 3, '2019-08-01 12:00:00', 603);
INSERT INTO `screening` (`Id`, `movie`, `time`, `cinema`) VALUES (2, 3, '2019-08-01 16:00:00', 603);
INSERT INTO `screening` (`Id`, `movie`, `time`, `cinema`) VALUES (3, 3, '2019-08-01 20:00:00', 603);
INSERT INTO `screening` (`Id`, `movie`, `time`, `cinema`) VALUES (4, 3, '2019-08-02 12:00:00', 603);
INSERT INTO `screening` (`Id`, `movie`, `time`, `cinema`) VALUES (5, 3, '2019-08-02 16:00:00', 603);
INSERT INTO `screening` (`Id`, `movie`, `time`, `cinema`) VALUES (6, 3, '2019-08-02 20:00:00', 603);
INSERT INTO `screening` (`Id`, `movie`, `time`, `cinema`) VALUES (7 3, '2019-08-03 12:00:00', 603);
INSERT INTO `screening` (`Id`, `movie`, `time`, `cinema`) VALUES (8, 3, '2019-08-03 16:00:00', 603);
INSERT INTO `screening` (`Id`, `movie`, `time`, `cinema`) VALUES (9, 3, '2019-08-03 20:00:00', 603);
INSERT INTO `screening` (`Id`, `movie`, `time`, `cinema`) VALUES (10, 3, '2019-08-04 12:00:00', 603);
INSERT INTO `screening` (`Id`, `movie`, `time`, `cinema`) VALUES (11, 3, '2019-08-04 16:00:00', 603);
INSERT INTO `screening` (`Id`, `movie`, `time`, `cinema`) VALUES (12, 3, '2019-08-04 20:00:00', 603);
INSERT INTO `screening` (`Id`, `movie`, `time`, `cinema`) VALUES (13, 3, '2019-08-05 12:00:00', 603);
INSERT INTO `screening` (`Id`, `movie`, `time`, `cinema`) VALUES (14, 3, '2019-08-05 16:00:00', 603);
INSERT INTO `screening` (`Id`, `movie`, `time`, `cinema`) VALUES (15, 3, '2019-08-05 20:00:00', 603);

INSERT INTO `seat` (`Id`, `row`, `number`, `cinema`) VALUES (1, 1, 1, 601);
INSERT INTO `seat` (`Id`, `row`, `number`, `cinema`) VALUES (2, 1, 2, 601);
INSERT INTO `seat` (`Id`, `row`, `number`, `cinema`) VALUES (3, 1, 3, 601);
INSERT INTO `seat` (`Id`, `row`, `number`, `cinema`) VALUES (4, 1, 4, 601);
INSERT INTO `seat` (`Id`, `row`, `number`, `cinema`) VALUES (5, 1, 5, 601);
INSERT INTO `seat` (`Id`, `row`, `number`, `cinema`) VALUES (6, 2, 1, 601);
INSERT INTO `seat` (`Id`, `row`, `number`, `cinema`) VALUES (7, 2, 2, 601);
INSERT INTO `seat` (`Id`, `row`, `number`, `cinema`) VALUES (8, 2, 3, 601);
INSERT INTO `seat` (`Id`, `row`, `number`, `cinema`) VALUES (9, 2, 4, 601);
INSERT INTO `seat` (`Id`, `row`, `number`, `cinema`) VALUES (10, 2, 5, 601);
INSERT INTO `seat` (`Id`, `row`, `number`, `cinema`) VALUES (11, 3, 1, 601);
INSERT INTO `seat` (`Id`, `row`, `number`, `cinema`) VALUES (12, 3, 2, 601);
INSERT INTO `seat` (`Id`, `row`, `number`, `cinema`) VALUES (13, 3, 3, 601);
INSERT INTO `seat` (`Id`, `row`, `number`, `cinema`) VALUES (14, 3, 4, 601);
INSERT INTO `seat` (`Id`, `row`, `number`, `cinema`) VALUES (15, 3, 5, 601);
INSERT INTO `seat` (`Id`, `row`, `number`, `cinema`) VALUES (16, 4, 1, 601);
INSERT INTO `seat` (`Id`, `row`, `number`, `cinema`) VALUES (17, 4, 2, 601);
INSERT INTO `seat` (`Id`, `row`, `number`, `cinema`) VALUES (18, 4, 3, 601);
INSERT INTO `seat` (`Id`, `row`, `number`, `cinema`) VALUES (19, 4, 4, 601);
INSERT INTO `seat` (`Id`, `row`, `number`, `cinema`) VALUES (20, 4, 5, 601);
INSERT INTO `seat` (`Id`, `row`, `number`, `cinema`) VALUES (21, 5, 1, 601);
INSERT INTO `seat` (`Id`, `row`, `number`, `cinema`) VALUES (22, 5, 2, 601);
INSERT INTO `seat` (`Id`, `row`, `number`, `cinema`) VALUES (23, 5, 3, 601);
INSERT INTO `seat` (`Id`, `row`, `number`, `cinema`) VALUES (24, 5, 4, 601);
INSERT INTO `seat` (`Id`, `row`, `number`, `cinema`) VALUES (25, 5, 5, 601);
INSERT INTO `seat` (`Id`, `row`, `number`, `cinema`) VALUES (26, 1, 1, 602);
INSERT INTO `seat` (`Id`, `row`, `number`, `cinema`) VALUES (27, 1, 2, 602);
INSERT INTO `seat` (`Id`, `row`, `number`, `cinema`) VALUES (28, 1, 3, 602);
INSERT INTO `seat` (`Id`, `row`, `number`, `cinema`) VALUES (29, 1, 4, 602);
INSERT INTO `seat` (`Id`, `row`, `number`, `cinema`) VALUES (30, 1, 5, 602);
INSERT INTO `seat` (`Id`, `row`, `number`, `cinema`) VALUES (31, 2, 1, 602);
INSERT INTO `seat` (`Id`, `row`, `number`, `cinema`) VALUES (32, 2, 2, 602);
INSERT INTO `seat` (`Id`, `row`, `number`, `cinema`) VALUES (33, 2, 3, 602);
INSERT INTO `seat` (`Id`, `row`, `number`, `cinema`) VALUES (34, 2, 4, 602);
INSERT INTO `seat` (`Id`, `row`, `number`, `cinema`) VALUES (35, 2, 5, 602);
INSERT INTO `seat` (`Id`, `row`, `number`, `cinema`) VALUES (36, 3, 1, 602);
INSERT INTO `seat` (`Id`, `row`, `number`, `cinema`) VALUES (37, 3, 2, 602);
INSERT INTO `seat` (`Id`, `row`, `number`, `cinema`) VALUES (38, 3, 3, 602);
INSERT INTO `seat` (`Id`, `row`, `number`, `cinema`) VALUES (39, 3, 4, 602);
INSERT INTO `seat` (`Id`, `row`, `number`, `cinema`) VALUES (40, 3, 5, 602);
INSERT INTO `seat` (`Id`, `row`, `number`, `cinema`) VALUES (41, 4, 1, 602);
INSERT INTO `seat` (`Id`, `row`, `number`, `cinema`) VALUES (42, 4, 2, 602);
INSERT INTO `seat` (`Id`, `row`, `number`, `cinema`) VALUES (43, 4, 3, 602);
INSERT INTO `seat` (`Id`, `row`, `number`, `cinema`) VALUES (44, 4, 4, 602);
INSERT INTO `seat` (`Id`, `row`, `number`, `cinema`) VALUES (45, 4, 5, 602);
INSERT INTO `seat` (`Id`, `row`, `number`, `cinema`) VALUES (46, 5, 1, 602);
INSERT INTO `seat` (`Id`, `row`, `number`, `cinema`) VALUES (47, 5, 2, 602);
INSERT INTO `seat` (`Id`, `row`, `number`, `cinema`) VALUES (48, 5, 3, 602);
INSERT INTO `seat` (`Id`, `row`, `number`, `cinema`) VALUES (49, 5, 4, 602);
INSERT INTO `seat` (`Id`, `row`, `number`, `cinema`) VALUES (50, 5, 5, 602);
INSERT INTO `seat` (`Id`, `row`, `number`, `cinema`) VALUES (51, 1, 1, 603);
INSERT INTO `seat` (`Id`, `row`, `number`, `cinema`) VALUES (52, 1, 2, 603);
INSERT INTO `seat` (`Id`, `row`, `number`, `cinema`) VALUES (53, 1, 3, 603);
INSERT INTO `seat` (`Id`, `row`, `number`, `cinema`) VALUES (54, 1, 4, 603);
INSERT INTO `seat` (`Id`, `row`, `number`, `cinema`) VALUES (55, 1, 5, 603);
INSERT INTO `seat` (`Id`, `row`, `number`, `cinema`) VALUES (56, 2, 1, 603);
INSERT INTO `seat` (`Id`, `row`, `number`, `cinema`) VALUES (57, 2, 2, 603);
INSERT INTO `seat` (`Id`, `row`, `number`, `cinema`) VALUES (58, 2, 3, 603);
INSERT INTO `seat` (`Id`, `row`, `number`, `cinema`) VALUES (59, 2, 4, 603);
INSERT INTO `seat` (`Id`, `row`, `number`, `cinema`) VALUES (60, 2, 5, 603);
INSERT INTO `seat` (`Id`, `row`, `number`, `cinema`) VALUES (61, 3, 1, 603);
INSERT INTO `seat` (`Id`, `row`, `number`, `cinema`) VALUES (62, 3, 2, 603);
INSERT INTO `seat` (`Id`, `row`, `number`, `cinema`) VALUES (63, 3, 3, 603);
INSERT INTO `seat` (`Id`, `row`, `number`, `cinema`) VALUES (64, 3, 4, 603);
INSERT INTO `seat` (`Id`, `row`, `number`, `cinema`) VALUES (65, 3, 5, 603);
INSERT INTO `seat` (`Id`, `row`, `number`, `cinema`) VALUES (66, 4, 1, 603);
INSERT INTO `seat` (`Id`, `row`, `number`, `cinema`) VALUES (67, 4, 2, 603);
INSERT INTO `seat` (`Id`, `row`, `number`, `cinema`) VALUES (68, 4, 3, 603);
INSERT INTO `seat` (`Id`, `row`, `number`, `cinema`) VALUES (69, 4, 4, 603);
INSERT INTO `seat` (`Id`, `row`, `number`, `cinema`) VALUES (70, 4, 5, 603);
INSERT INTO `seat` (`Id`, `row`, `number`, `cinema`) VALUES (71, 5, 1, 603);
INSERT INTO `seat` (`Id`, `row`, `number`, `cinema`) VALUES (72, 5, 2, 603);
INSERT INTO `seat` (`Id`, `row`, `number`, `cinema`) VALUES (73, 5, 3, 603);
INSERT INTO `seat` (`Id`, `row`, `number`, `cinema`) VALUES (74, 5, 4, 603);
INSERT INTO `seat` (`Id`, `row`, `number`, `cinema`) VALUES (75, 5, 5, 603);