
INSERT INTO `theatre` (`Id`, `name`, `Location`) VALUES (1, 'dolores', '328 Andres Walk\nCordietown, UT 55804');
INSERT INTO `theatre` (`Id`, `name`, `Location`) VALUES (2, 'delectus', '032 Blanda Forges Suite 782\nLake Ledaton, GA 88630');
INSERT INTO `theatre` (`Id`, `name`, `Location`) VALUES (3, 'eaque', '54565 Gleichner Corner\nNorth Mathew, OH 73199');
INSERT INTO `theatre` (`Id`, `name`, `Location`) VALUES (4, 'ea', '644 Laurianne Flats Apt. 045\nPort Eveberg, OK 42391-2790');
INSERT INTO `theatre` (`Id`, `name`, `Location`) VALUES (5, 'distinctio', '1455 Olson Stream Suite 958\nWeissnatburgh, OR 45124');
INSERT INTO `theatre` (`Id`, `name`, `Location`) VALUES (6, 'earum', '614 Emile Street\nPort Emmy, AR 25796-4172');
INSERT INTO `theatre` (`Id`, `name`, `Location`) VALUES (7, 'similique', '9448 Adrianna Fort\nRowenatown, CT 74511-0666');
INSERT INTO `theatre` (`Id`, `name`, `Location`) VALUES (8, 'officiis', '6641 Corine Crest\nNew Angela, MD 68450');
INSERT INTO `theatre` (`Id`, `name`, `Location`) VALUES (9, 'aliquam', '17432 Sierra Manors Apt. 602\nNew Aubreyberg, AZ 21509-4822');
INSERT INTO `theatre` (`Id`, `name`, `Location`) VALUES (10, 'dolor', '73301 Alfreda Land Apt. 889\nNorth Rigoberto, TN 04082-5944');


INSERT INTO `movie` (`Id`, `movieName`, `movieDescription`) VALUES (1, 'sit', 'Et adipisci rerum dicta quibusdam consequuntur enim.');
INSERT INTO `movie` (`Id`, `movieName`, `movieDescription`) VALUES (2, 'commodi', 'Nostrum sed voluptates dolor dolor.');
INSERT INTO `movie` (`Id`, `movieName`, `movieDescription`) VALUES (3, 'tempore', 'At velit eaque illo fuga.');
INSERT INTO `movie` (`Id`, `movieName`, `movieDescription`) VALUES (4, 'consequuntur', 'Sed ut ut dolorem aspernatur exercitationem eaque neque.');
INSERT INTO `movie` (`Id`, `movieName`, `movieDescription`) VALUES (5, 'cumque', 'Voluptate ex aut quae occaecati quae dolorem.');
INSERT INTO `movie` (`Id`, `movieName`, `movieDescription`) VALUES (6, 'sint', 'Dolore aliquam aspernatur nostrum autem repudiandae autem.');
INSERT INTO `movie` (`Id`, `movieName`, `movieDescription`) VALUES (7, 'qui', 'Sed voluptatem facere omnis doloribus dolorum expedita.');
INSERT INTO `movie` (`Id`, `movieName`, `movieDescription`) VALUES (8, 'quas', 'Tempore omnis laboriosam soluta et facere.');
INSERT INTO `movie` (`Id`, `movieName`, `movieDescription`) VALUES (9, 'earum', 'Possimus tempora magnam et voluptatibus.');
INSERT INTO `movie` (`Id`, `movieName`, `movieDescription`) VALUES (10, 'et', 'Quidem voluptatem architecto illum veniam.');

INSERT INTO `cinema` (`Id`, `name`, `seatCount`, `theatre`) VALUES (601, 'rerum', 20, 1);
INSERT INTO `cinema` (`Id`, `name`, `seatCount`, `theatre`) VALUES (602, 'veritatis', 20, 1);
INSERT INTO `cinema` (`Id`, `name`, `seatCount`, `theatre`) VALUES (603, 'saepe', 20, 1);
INSERT INTO `cinema` (`Id`, `name`, `seatCount`, `theatre`) VALUES (604, 'magni', 20, 1);
INSERT INTO `cinema` (`Id`, `name`, `seatCount`, `theatre`) VALUES (605, 'quaerat', 20, 1);
INSERT INTO `cinema` (`Id`, `name`, `seatCount`, `theatre`) VALUES (606, 'tenetur', 20, 1);
INSERT INTO `cinema` (`Id`, `name`, `seatCount`, `theatre`) VALUES (607, 'laborum', 20, 1);
INSERT INTO `cinema` (`Id`, `name`, `seatCount`, `theatre`) VALUES (608, 'nobis', 20, 1);
INSERT INTO `cinema` (`Id`, `name`, `seatCount`, `theatre`) VALUES (609, 'quam', 20, 1);
INSERT INTO `cinema` (`Id`, `name`, `seatCount`, `theatre`) VALUES (610, 'molestiae', 20, 1);
INSERT INTO `cinema` (`Id`, `name`, `seatCount`, `theatre`) VALUES (611, 'sint', 20, 2);
INSERT INTO `cinema` (`Id`, `name`, `seatCount`, `theatre`) VALUES (612, 'dignissimos', 20, 2);
INSERT INTO `cinema` (`Id`, `name`, `seatCount`, `theatre`) VALUES (613, 'velit', 20, 2);
INSERT INTO `cinema` (`Id`, `name`, `seatCount`, `theatre`) VALUES (614, 'nam', 20, 2);
INSERT INTO `cinema` (`Id`, `name`, `seatCount`, `theatre`) VALUES (615, 'porro', 20, 2);
INSERT INTO `cinema` (`Id`, `name`, `seatCount`, `theatre`) VALUES (616, 'et', 20, 2);
INSERT INTO `cinema` (`Id`, `name`, `seatCount`, `theatre`) VALUES (617, 'quos', 20, 2);
INSERT INTO `cinema` (`Id`, `name`, `seatCount`, `theatre`) VALUES (618, 'velit', 20, 2);
INSERT INTO `cinema` (`Id`, `name`, `seatCount`, `theatre`) VALUES (619, 'voluptates', 20, 2);
INSERT INTO `cinema` (`Id`, `name`, `seatCount`, `theatre`) VALUES (620, 'tenetur', 20, 2);
INSERT INTO `cinema` (`Id`, `name`, `seatCount`, `theatre`) VALUES (621, 'consequatur', 20, 3);
INSERT INTO `cinema` (`Id`, `name`, `seatCount`, `theatre`) VALUES (622, 'nihil', 20, 3);
INSERT INTO `cinema` (`Id`, `name`, `seatCount`, `theatre`) VALUES (623, 'adipisci', 20, 3);
INSERT INTO `cinema` (`Id`, `name`, `seatCount`, `theatre`) VALUES (624, 'voluptatem', 20, 3);
INSERT INTO `cinema` (`Id`, `name`, `seatCount`, `theatre`) VALUES (625, 'sed', 20, 3);
INSERT INTO `cinema` (`Id`, `name`, `seatCount`, `theatre`) VALUES (626, 'sint', 20, 3);
INSERT INTO `cinema` (`Id`, `name`, `seatCount`, `theatre`) VALUES (627, 'consectetur', 20, 3);
INSERT INTO `cinema` (`Id`, `name`, `seatCount`, `theatre`) VALUES (628, 'dolor', 20, 3);
INSERT INTO `cinema` (`Id`, `name`, `seatCount`, `theatre`) VALUES (629, 'ea', 20, 3);
INSERT INTO `cinema` (`Id`, `name`, `seatCount`, `theatre`) VALUES (630, 'rerum', 20, 3);
INSERT INTO `cinema` (`Id`, `name`, `seatCount`, `theatre`) VALUES (631, 'necessitatibus', 20, 4);
INSERT INTO `cinema` (`Id`, `name`, `seatCount`, `theatre`) VALUES (632, 'magnam', 20, 4);
INSERT INTO `cinema` (`Id`, `name`, `seatCount`, `theatre`) VALUES (633, 'assumenda', 20, 4);
INSERT INTO `cinema` (`Id`, `name`, `seatCount`, `theatre`) VALUES (634, 'qui', 20, 4);
INSERT INTO `cinema` (`Id`, `name`, `seatCount`, `theatre`) VALUES (635, 'eos', 20, 4);
INSERT INTO `cinema` (`Id`, `name`, `seatCount`, `theatre`) VALUES (636, 'harum', 20, 4);
INSERT INTO `cinema` (`Id`, `name`, `seatCount`, `theatre`) VALUES (637, 'sint', 20, 4);
INSERT INTO `cinema` (`Id`, `name`, `seatCount`, `theatre`) VALUES (638, 'rerum', 20, 4);
INSERT INTO `cinema` (`Id`, `name`, `seatCount`, `theatre`) VALUES (639, 'quos', 20, 4);
INSERT INTO `cinema` (`Id`, `name`, `seatCount`, `theatre`) VALUES (640, 'vel', 20, 4);
INSERT INTO `cinema` (`Id`, `name`, `seatCount`, `theatre`) VALUES (641, 'voluptas', 20, 5);
INSERT INTO `cinema` (`Id`, `name`, `seatCount`, `theatre`) VALUES (642, 'est', 20, 5);
INSERT INTO `cinema` (`Id`, `name`, `seatCount`, `theatre`) VALUES (643, 'voluptates', 20, 5);
INSERT INTO `cinema` (`Id`, `name`, `seatCount`, `theatre`) VALUES (644, 'quis', 20, 5);
INSERT INTO `cinema` (`Id`, `name`, `seatCount`, `theatre`) VALUES (645, 'voluptatem', 20, 5);
INSERT INTO `cinema` (`Id`, `name`, `seatCount`, `theatre`) VALUES (646, 'sed', 20, 5);
INSERT INTO `cinema` (`Id`, `name`, `seatCount`, `theatre`) VALUES (647, 'et', 20, 5);
INSERT INTO `cinema` (`Id`, `name`, `seatCount`, `theatre`) VALUES (648, 'facere', 20, 5);
INSERT INTO `cinema` (`Id`, `name`, `seatCount`, `theatre`) VALUES (649, 'eius', 20, 5);
INSERT INTO `cinema` (`Id`, `name`, `seatCount`, `theatre`) VALUES (650, 'voluptatem', 20, 5);
INSERT INTO `cinema` (`Id`, `name`, `seatCount`, `theatre`) VALUES (651, 'iusto', 20, 6);
INSERT INTO `cinema` (`Id`, `name`, `seatCount`, `theatre`) VALUES (652, 'nam', 20, 6);
INSERT INTO `cinema` (`Id`, `name`, `seatCount`, `theatre`) VALUES (653, 'vel', 20, 6);
INSERT INTO `cinema` (`Id`, `name`, `seatCount`, `theatre`) VALUES (654, 'ipsum', 20, 6);
INSERT INTO `cinema` (`Id`, `name`, `seatCount`, `theatre`) VALUES (655, 'blanditiis', 20, 6);
INSERT INTO `cinema` (`Id`, `name`, `seatCount`, `theatre`) VALUES (656, 'quia', 20, 6);
INSERT INTO `cinema` (`Id`, `name`, `seatCount`, `theatre`) VALUES (657, 'et', 20, 6);
INSERT INTO `cinema` (`Id`, `name`, `seatCount`, `theatre`) VALUES (658, 'voluptatibus', 20, 6);
INSERT INTO `cinema` (`Id`, `name`, `seatCount`, `theatre`) VALUES (659, 'nam', 20, 6);
INSERT INTO `cinema` (`Id`, `name`, `seatCount`, `theatre`) VALUES (660, 'quia', 20, 6);
INSERT INTO `cinema` (`Id`, `name`, `seatCount`, `theatre`) VALUES (661, 'quis', 20, 7);
INSERT INTO `cinema` (`Id`, `name`, `seatCount`, `theatre`) VALUES (662, 'non', 20, 7);
INSERT INTO `cinema` (`Id`, `name`, `seatCount`, `theatre`) VALUES (663, 'aliquid', 20, 7);
INSERT INTO `cinema` (`Id`, `name`, `seatCount`, `theatre`) VALUES (664, 'et', 20, 7);
INSERT INTO `cinema` (`Id`, `name`, `seatCount`, `theatre`) VALUES (665, 'non', 20, 7);
INSERT INTO `cinema` (`Id`, `name`, `seatCount`, `theatre`) VALUES (666, 'modi', 20, 7);
INSERT INTO `cinema` (`Id`, `name`, `seatCount`, `theatre`) VALUES (667, 'assumenda', 20, 7);
INSERT INTO `cinema` (`Id`, `name`, `seatCount`, `theatre`) VALUES (668, 'libero', 20, 7);
INSERT INTO `cinema` (`Id`, `name`, `seatCount`, `theatre`) VALUES (669, 'dolore', 20, 7);
INSERT INTO `cinema` (`Id`, `name`, `seatCount`, `theatre`) VALUES (670, 'culpa', 20, 7);
INSERT INTO `cinema` (`Id`, `name`, `seatCount`, `theatre`) VALUES (671, 'veniam', 20, 8);
INSERT INTO `cinema` (`Id`, `name`, `seatCount`, `theatre`) VALUES (672, 'ad', 20, 8);
INSERT INTO `cinema` (`Id`, `name`, `seatCount`, `theatre`) VALUES (673, 'debitis', 20, 8);
INSERT INTO `cinema` (`Id`, `name`, `seatCount`, `theatre`) VALUES (674, 'et', 20, 8);
INSERT INTO `cinema` (`Id`, `name`, `seatCount`, `theatre`) VALUES (675, 'voluptatem', 20, 8);
INSERT INTO `cinema` (`Id`, `name`, `seatCount`, `theatre`) VALUES (676, 'aut', 20, 8);
INSERT INTO `cinema` (`Id`, `name`, `seatCount`, `theatre`) VALUES (677, 'voluptate', 20, 8);
INSERT INTO `cinema` (`Id`, `name`, `seatCount`, `theatre`) VALUES (678, 'quia', 20, 8);
INSERT INTO `cinema` (`Id`, `name`, `seatCount`, `theatre`) VALUES (679, 'nulla', 20, 8);
INSERT INTO `cinema` (`Id`, `name`, `seatCount`, `theatre`) VALUES (680, 'architecto', 20, 8);
INSERT INTO `cinema` (`Id`, `name`, `seatCount`, `theatre`) VALUES (681, 'ipsum', 20, 9);
INSERT INTO `cinema` (`Id`, `name`, `seatCount`, `theatre`) VALUES (682, 'ad', 20, 9);
INSERT INTO `cinema` (`Id`, `name`, `seatCount`, `theatre`) VALUES (683, 'ut', 20, 9);
INSERT INTO `cinema` (`Id`, `name`, `seatCount`, `theatre`) VALUES (684, 'officiis', 20, 9);
INSERT INTO `cinema` (`Id`, `name`, `seatCount`, `theatre`) VALUES (685, 'doloremque', 20, 9);
INSERT INTO `cinema` (`Id`, `name`, `seatCount`, `theatre`) VALUES (686, 'eius', 20, 9);
INSERT INTO `cinema` (`Id`, `name`, `seatCount`, `theatre`) VALUES (687, 'aut', 20, 9);
INSERT INTO `cinema` (`Id`, `name`, `seatCount`, `theatre`) VALUES (688, 'sapiente', 20, 9);
INSERT INTO `cinema` (`Id`, `name`, `seatCount`, `theatre`) VALUES (689, 'mollitia', 20, 9);
INSERT INTO `cinema` (`Id`, `name`, `seatCount`, `theatre`) VALUES (690, 'distinctio', 20, 9);
INSERT INTO `cinema` (`Id`, `name`, `seatCount`, `theatre`) VALUES (691, 'quam', 20, 10);
INSERT INTO `cinema` (`Id`, `name`, `seatCount`, `theatre`) VALUES (692, 'consequatur', 20, 10);
INSERT INTO `cinema` (`Id`, `name`, `seatCount`, `theatre`) VALUES (693, 'nisi', 20, 10);
INSERT INTO `cinema` (`Id`, `name`, `seatCount`, `theatre`) VALUES (694, 'occaecati', 20, 10);
INSERT INTO `cinema` (`Id`, `name`, `seatCount`, `theatre`) VALUES (695, 'sit', 20, 10);
INSERT INTO `cinema` (`Id`, `name`, `seatCount`, `theatre`) VALUES (696, 'et', 20, 10);
INSERT INTO `cinema` (`Id`, `name`, `seatCount`, `theatre`) VALUES (697, 'et', 20, 10);
INSERT INTO `cinema` (`Id`, `name`, `seatCount`, `theatre`) VALUES (698, 'dolor', 20, 10);
INSERT INTO `cinema` (`Id`, `name`, `seatCount`, `theatre`) VALUES (699, 'modi', 20, 10);
INSERT INTO `cinema` (`Id`, `name`, `seatCount`, `theatre`) VALUES (700, 'veritatis', 20, 10);


INSERT INTO `screening` (`Id`, `movie`, `time`, `cinema`) VALUES (1, 1, '2019-08-01 12:00:00', 601);
INSERT INTO `screening` (`Id`, `movie`, `time`, `cinema`) VALUES (2, 1, '2019-08-01 16:00:00', 601);
INSERT INTO `screening` (`Id`, `movie`, `time`, `cinema`) VALUES (3, 1, '2019-08-01 20:00:00', 601);
INSERT INTO `screening` (`Id`, `movie`, `time`, `cinema`) VALUES (4, 1, '2019-08-02 12:00:00', 601);
INSERT INTO `screening` (`Id`, `movie`, `time`, `cinema`) VALUES (5, 1, '2019-08-02 16:00:00', 601);
INSERT INTO `screening` (`Id`, `movie`, `time`, `cinema`) VALUES (6, 1, '2019-08-02 20:00:00', 601);
INSERT INTO `screening` (`Id`, `movie`, `time`, `cinema`) VALUES (7 1, '2019-08-03 12:00:00', 601);
INSERT INTO `screening` (`Id`, `movie`, `time`, `cinema`) VALUES (8, 1, '2019-08-03 16:00:00', 601);
INSERT INTO `screening` (`Id`, `movie`, `time`, `cinema`) VALUES (9, 1, '2019-08-03 20:00:00', 601);
INSERT INTO `screening` (`Id`, `movie`, `time`, `cinema`) VALUES (10, 1, '2019-08-04 12:00:00', 601);
INSERT INTO `screening` (`Id`, `movie`, `time`, `cinema`) VALUES (11, 1, '2019-08-04 16:00:00', 601);
INSERT INTO `screening` (`Id`, `movie`, `time`, `cinema`) VALUES (12, 1, '2019-08-04 20:00:00', 601);
INSERT INTO `screening` (`Id`, `movie`, `time`, `cinema`) VALUES (13, 1, '2019-08-05 12:00:00', 601);
INSERT INTO `screening` (`Id`, `movie`, `time`, `cinema`) VALUES (14, 1, '2019-08-05 16:00:00', 601);
INSERT INTO `screening` (`Id`, `movie`, `time`, `cinema`) VALUES (15, 1, '2019-08-05 20:00:00', 601);

INSERT INTO `seat` (`Id`, `row`, `number`, `cinema`) VALUES (1, 1, 1, 601);
INSERT INTO `seat` (`Id`, `row`, `number`, `cinema`) VALUES (2, 1, 2, 601);
INSERT INTO `seat` (`Id`, `row`, `number`, `cinema`) VALUES (3, 1, 3, 601);
INSERT INTO `seat` (`Id`, `row`, `number`, `cinema`) VALUES (4, 1, 4, 601);
INSERT INTO `seat` (`Id`, `row`, `number`, `cinema`) VALUES (5, 1, 5, 601);
INSERT INTO `seat` (`Id`, `row`, `number`, `cinema`) VALUES (6, 2, 1, 601);
INSERT INTO `seat` (`Id`, `row`, `number`, `cinema`) VALUES (7, 2, 2, 601);
INSERT INTO `seat` (`Id`, `row`, `number`, `cinema`) VALUES (8, 2, 3, 601);
INSERT INTO `seat` (`Id`, `row`, `number`, `cinema`) VALUES (9, 2, 4, 601);
INSERT INTO `seat` (`Id`, `row`, `number`, `cinema`) VALUES (10, 2, 5, 601);
INSERT INTO `seat` (`Id`, `row`, `number`, `cinema`) VALUES (11, 3, 1, 601);
INSERT INTO `seat` (`Id`, `row`, `number`, `cinema`) VALUES (12, 3, 2, 601);
INSERT INTO `seat` (`Id`, `row`, `number`, `cinema`) VALUES (13, 3, 3, 601);
INSERT INTO `seat` (`Id`, `row`, `number`, `cinema`) VALUES (14, 3, 4, 601);
INSERT INTO `seat` (`Id`, `row`, `number`, `cinema`) VALUES (15, 3, 5, 601);
INSERT INTO `seat` (`Id`, `row`, `number`, `cinema`) VALUES (16, 4, 1, 601);
INSERT INTO `seat` (`Id`, `row`, `number`, `cinema`) VALUES (17, 4, 2, 601);
INSERT INTO `seat` (`Id`, `row`, `number`, `cinema`) VALUES (18, 4, 3, 601);
INSERT INTO `seat` (`Id`, `row`, `number`, `cinema`) VALUES (19, 4, 4, 601);
INSERT INTO `seat` (`Id`, `row`, `number`, `cinema`) VALUES (20, 4, 5, 601);
INSERT INTO `seat` (`Id`, `row`, `number`, `cinema`) VALUES (21, 5, 1, 601);
INSERT INTO `seat` (`Id`, `row`, `number`, `cinema`) VALUES (22, 5, 2, 601);
INSERT INTO `seat` (`Id`, `row`, `number`, `cinema`) VALUES (23, 5, 3, 601);
INSERT INTO `seat` (`Id`, `row`, `number`, `cinema`) VALUES (24, 5, 4, 601);
INSERT INTO `seat` (`Id`, `row`, `number`, `cinema`) VALUES (25, 5, 5, 601);



